<?xml version="1.0" encoding="UTF-8" standalone="yes"?>
<addon id="repository.streamxtv" name="[B][COLOR yellow]REPOSITÓRIO[/COLOR][/B] [B][COLOR lime]TVSTREAMX[/COLOR][/B]" version="1.7" provider-name="[B][COLOR magenta]@gh000000000000st[/COLOR][/B]">
  <requires>
    <import addon="xbmc.addon" version="12.0.0"/>
  </requires>
  <extension point="xbmc.addon.repository" name="[B][COLOR yellow]REPOSITÓRIO[/COLOR][/B] [B][COLOR lime]TVSTREAMX[/COLOR][/B]">

    <!-- Este é um "fallback" para versões muito antigas do Kodi -->
    <dir>
        <info compressed="true">https://cdn.jsdelivr.net/gh/streamxtv/streamxtv.github.io@master/addons.xml</info>
        <checksum>https://cdn.jsdelivr.net/gh/streamxtv/streamxtv.github.io@master/addons.xml.md5</checksum>
        <datadir zip="true">https://cdn.jsdelivr.net/gh/streamxtv/streamxtv.github.io@master/</datadir>
    </dir>

    <!-- Seção específica para o Kodi 19 (Matrix) -->
    <dir minversion="19.0.0" maxversion="19.9.9">
        <info compressed="true">https://cdn.jsdelivr.net/gh/streamxtv/streamxtv.github.io@master/matrix/addons.xml</info>
        <checksum>https://cdn.jsdelivr.net/gh/streamxtv/streamxtv.github.io@master/matrix/addons.xml.md5</checksum>
        <datadir zip="true">https://cdn.jsdelivr.net/gh/streamxtv/streamxtv.github.io@master/matrix/</datadir>
    </dir>

    <!-- Seção específica para o Kodi 20 (Nexus) -->
    <dir minversion="20.0.0" maxversion="20.9.9">
        <info compressed="true">https://cdn.jsdelivr.net/gh/streamxtv/streamxtv.github.io@master/nexus/addons.xml</info>
        <checksum>https://cdn.jsdelivr.net/gh/streamxtv/streamxtv.github.io@master/nexus/addons.xml.md5</checksum>
        <datadir zip="true">https://cdn.jsdelivr.net/gh/streamxtv/streamxtv.github.io@master/nexus/</datadir>
    </dir>

    <!-- Seção específica para o Kodi 21 (Omega) e futuras versões -->
    <dir minversion="21.0.0">
        <info compressed="true">https://cdn.jsdelivr.net/gh/streamxtv/streamxtv.github.io@master/omega/addons.xml</info>
        <checksum>https://cdn.jsdelivr.net/gh/streamxtv/streamxtv.github.io@master/omega/addons.xml.md5</checksum>
        <datadir zip="true">https://cdn.jsdelivr.net/gh/streamxtv/streamxtv.github.io@master/omega/</datadir>
    </dir>

  </extension>
  <extension point="xbmc.addon.metadata">
    <description>Repositório oficial para o addon TVSTREAMX e suas dependências. Desfrute de atualizações automáticas e acesso rápido às novas versões.</description>
    <platform>all</platform>
    <assets>
      <icon>icon.png</icon>
      <fanart>fanart.jpg</fanart>
    </assets>
  </extension>
</addon>